{
    "collection": [
        {
            "id": "dow_4",
            "name": "Чт",
            "folder": null,
            "folder@": true,
            "events": [
                {
                    "id": "d1",
                    "folder": "dow_4",
                    "folder@": null,
                    "timeStart": "09:00",
                    "timeEnd": "09:30",
                    "info": {
                        "description": "We are beyond excited to have Courtney with us again, she is returning back as a Master of Ceremonies (MC) please give a warm welcome to her!",
                        "title": "Welcoming"
                    } 
                },
                {
                    "id": "d2",
                    "folder": "dow_4",
                    "folder@": null,
                    "timeStart": "09:30",
                    "timeEnd": "11:00",
                    "info": {
                        "description": "We are beyond excited to have Courtney with us again, she is returning back as a Master of Ceremonies (MC) please give a warm welcome to her!",
                        "title": "Welcoming"
                    } 
                },
                {
                    "id": "d3",
                    "folder": "dow_4",
                    "folder@": null,
                    "timeStart": "12:00",
                    "timeEnd": "13:30",
                    "info": {
                        "description": "We are beyond excited to have Courtney with us again, she is returning back as a Master of Ceremonies (MC) please give a warm welcome to her!",
                        "title": "Welcoming"
                    } 
                }
            ]
        }
    ]
}